EclipseNumber,BJD,Error
-2509,2451582.783271,0.00064
0,2451822.76051,5e-05
10,2451823.71716,0.0001
291,2451850.59374,0.00011
292,2451850.689388,0.00012
585,2451878.71389,3e-05
1009,2451919.26773,0.0002
1010,2451919.36343,0.001
1011,2451919.45933,0.0001
1398,2451956.47453,0.0013
1399,2451956.57043,0.0011
1815,2451996.35933,0.0001
1825,2451997.31573,0.0001
5191,2452319.262572,0.00065
5191,2452319.310522,0.00082
5192,2452319.357932,0.00061
5192,2452319.406142,0.00088
5201,2452320.266772,0.00091
5205,2452320.601632,0.0007
12426,2453011.315459,0.0004
12427,2453011.363859,0.0001
12427,2453011.411259,0.0004
13053,2453071.28656,0.0003
13054,2453071.33416,0.0001
13054,2453071.38236,0.0004
13055,2453071.42986,0.0001
23616,2454081.600709,0.00018
23617,2454081.647639,0.00018
24085,2454126.41047,0.0011
24085,2454126.45877,0.0011
24086,2454126.50567,0.0011
24086,2454126.55407,0.0011
24087,2454126.60147,0.0024
27157,2454420.284374,0.00025
27157,2454420.236124,0.00015
27908,2454492.066885,0.00018
27908,2454492.114745,0.00022
27909,2454492.162535,0.00018
28173,2454517.412885,0.00034
28174,2454517.508985,0.00037
29480,2454642.423165,0.00027
29658,2454659.448715,0.00047
29919,2454684.411455,0.00024
29920,2454684.507265,0.00024
30244,2454715.497605,0.0002
30245,2454715.592425,0.00023
30276,2454718.556885,0.00041
30388,2454729.318185,0.00015
30389,2454729.365745,0.00015
30514,2454741.321655,8e-05
30514,2454741.369335,0.00011
30556,2454745.338785,0.0002
30716,2454760.643105,0.00032
30724,2454761.407255,0.00023
30921,2454780.249794,9e-05
30921,2454780.250224,0.00015
30922,2454780.344984,0.00034
31214,2454808.274114,0.00034
31215,2454808.369964,0.00031
31237,2454810.474574,0.0002
31238,2454810.570744,0.0003
31287,2454815.256574,0.0001
31288,2454815.352334,0.00014
31308,2454817.265164,0.00039
31309,2454817.361064,0.00039
31435,2454829.411755,0.00019
31527,2454838.211716,0.00012
31602,2454845.38518,0.00027
31602,2454845.38531,0.00018
32124,2454895.31268,0.00029
32124,2454895.31259,0.00032
32131,2454895.982345,6e-05
32131,2454896.029975,0.00044
32303,2454912.43363,0.00016
32448,2454926.302555,0.00015
32449,2454926.397935,0.00013
32605,2454941.319185,0.00031
32660,2454946.579464,0.00013
32696,2454950.022634,0.00011
32769,2454957.052454,0.0001
33484,2455025.392564,0.0004
33757,2455051.503943,0.00024
33778,2455053.512703,0.00016
33881,2455063.363893,3e-05
33946,2455069.581023,6.2e-05
33977,2455072.546051,6.2e-05
34164,2455090.431943,2e-05
34288,2455102.292162,2e-05
34541,2455126.49077,2e-05
34664,2455138.25524,4e-05
34798,2455151.11975,9e-05
34812,2455152.41103,1e-05
34940,2455164.65382,2e-05
35375,2455206.26018,3e-05
35534,2455221.46801,2e-05
35640,2455231.60654,1e-05
35932,2455259.53538,2e-05
35982,2455264.31775,1e-05
36021,2455268.048,4e-05
36233,2455288.32509,2e-05
36282,2455293.01179,7e-05
36282,2455293.01191,9e-05
36282,2455293.05951,9e-05
36282,2455293.05972,0.00014
36914,2455353.4605,4e-05
38168,2455473.40172,1e-05
38232,2455479.5231,1e-05
38544,2455509.36491,6e-05
38816,2455535.38087,2e-05
38847,2455538.34585,7e-06
38848,2455538.44149,1.8e-05
38849,2455538.53715,1.9e-05
38850,2455538.6328,1.8e-05
38858,2455539.39798,1.7e-05
38860,2455539.58928,2.1e-05
39074,2455560.05782,6e-05
39098,2455562.40118,8e-05
39153,2455567.61384,2e-05
39716,2455621.46305,1e-05
39983,2455647.00063,0.0001
40057,2455654.07861,4e-05
40230,2455670.625551,2.8e-05
40251,2455672.634181,2.5e-05
40272,2455674.642702,2.5e-05
40272,2455674.690594,4.4e-05
40273,2455674.738359,2.8e-05
40355,2455682.629077,0.000123
40356,2455682.677091,2.5e-05
40429,2455689.659259,2.5e-05
40475,2455694.05902,3e-05
40960,2455740.44775,2e-05
41430,2455785.40178,2e-05
41488,2455790.94929,2.5e-05
41519,2455793.914357,2.5e-05
41529,2455794.918598,4.4e-05
41540,2455795.922901,2.6e-05
41624,2455803.957263,2.5e-05
41683,2455809.600444,4.1e-05
41903,2455830.642731,2.5e-05
41962,2455836.28592,2e-05
42250,2455863.8322,2.4e-05
42251,2455863.927831,2.4e-05
42371,2455875.40539,9e-05
42400,2455878.17925,4e-05
42401,2455878.27484,4e-05
42461,2455884.013679,2.5e-05
42596,2455896.925988,2.4e-05
42682,2455905.15165,8e-05
42787,2455915.19458,5e-05
42818,2455918.15961,5e-05
42885,2455924.56795,1e-05
42924,2455928.29825,0.00011
42976,2455933.27186,5e-05
43026,2455938.05435,0.00017
43238,2455958.33123,1e-05
43321,2455966.26989,4e-05
43748,2456007.11103,0.0001
43998,2456031.02263,0.0001
44264,2456056.4649,2e-05
44427,2456072.0553,0.0001
44808,2456108.49668,2e-05
44944,2456121.50466,1e-05
45571,2456181.47516,2e-05
45894,2456212.36907,2e-05
45936,2456216.38604,9e-05
45966,2456219.25553,8e-05
46008,2456223.2726,8e-05
46124,2456234.36786,7e-05
46176,2456239.34164,0.00014
46186,2456240.29798,7e-05
46196,2456241.25432,9e-05
46311,2456252.25371,8e-05
46342,2456255.21875,9e-05
46552,2456275.3047,0.0001
46750,2456294.24263,3e-05
46781,2456297.20765,0.0001
47125,2456330.11019,8e-05
47459,2456362.05607,6e-05
47491,2456365.11698,8e-05
47511,2456367.07761,0.00019
47574,2456373.05561,0.0002
47648,2456380.1334,9e-05
47871,2456401.4626,2e-05
47902,2456404.42757,2e-05
47953,2456409.30558,1e-05
48194,2456432.35631,2e-05
49329,2456540.91541,7.1e-05
49601,2456566.93122,8.1e-05
49684,2456574.87002,7.9e-05
50009,2456605.95528,2.4e-05
50228,2456626.90166,0.000109
50256,2456629.57962,5.1e-05
50275,2456631.39723,5.1e-05
50275,2456631.44496,0.000116
50276,2456631.49269,0.000173
50525,2456655.35596,0.00018
50526,2456655.40458,6.6e-05
50526,2456655.45255,0.00017
50527,2456655.5,6.3e-05
50603,2456662.81735,0.000143
51153,2456715.37491,6e-05
51184,2456718.33981,5.1e-05
51241,2456723.79173,1.9e-05
51408,2456739.76486,2.2e-05
51414,2456740.33939,6.2e-05
51415,2456740.43437,0.000105
51418,2456740.72115,8.8e-05
51784,2456775.77545,0.00013
51805,2456777.73635,3.6e-05
51826,2456779.745,3.9e-05
53605,2456949.9004,3.3e-05
53710,2456959.94328,4.2e-05
53710,2456959.99096,0.000105
54023,2456989.88095,0.000173
54250,2457011.59222,0.000207
54271,2457013.60107,5e-05
54342,2457020.39191,7.5e-05
54479,2457033.49544,7.4e-05
54480,2457033.59108,6e-05
54480,2457033.63876,0.000205
54481,2457033.68675,0.000122
54530,2457038.37346,2.5e-05
54532,2457038.56464,3.6e-05
54533,2457038.66039,2.8e-05
54543,2457039.61689,7.7e-05
55192,2457101.69132,2.4e-05
55255,2457107.76482,0.00014
55418,2457123.35571,0.000164
55419,2457123.40318,4.8e-05
55460,2457127.37244,0.000202
55461,2457127.42034,6.1e-05
55502,2457131.34191,7.4e-05
55502,2457131.38979,0.00016
55503,2457131.43748,3.1e-05
55524,2457133.44612,4e-05
55534,2457134.40251,2.2e-05
55534,2457134.45017,9.3e-05
57443,2457316.99185,3.6e-05
57949,2457365.38916,1.3e-05
57950,2457365.4848,2.8e-05
57950,2457365.53269,9.4e-05
58262,2457395.37443,0.000128
58263,2457395.42219,7.5e-05
58347,2457403.45664,5.6e-05
58387,2457407.33031,0.000276
58388,2457407.37821,9.6e-05
58544,2457422.29875,9.7e-05
58619,2457429.47249,6.3e-05
58889,2457455.29693,2.8e-05
58953,2457461.41837,0.00011
58994,2457465.34007,0.000158
59204,2457485.42574,7.6e-05
59214,2457486.38213,0.000174
59235,2457488.39075,6.2e-05
59445,2457508.47673,0.000181
60830,2457640.94726,5.8e-05
61133,2457669.92822,5.2e-05
61672,2457721.4818,2.9e-05
61672,2457721.48187,9.61e-05
61673,2457721.57747,9.61e-05
61674,2457721.673,9.61e-05
61682,2457722.43823,9.62e-05
61682,2457722.43823,6.8e-05
61684,2457722.6296,9.63e-05
61685,2457722.72519,9.61e-05
61692,2457723.39478,9.66e-05
61693,2457723.49048,9.6e-05
61694,2457723.58603,9.62e-05
61725,2457726.55109,9.62e-05
61726,2457726.64669,9.6e-05
61734,2457727.41193,9.66e-05
61922,2457745.39362,9.63e-05
61925,2457745.68042,9.66e-05
61934,2457746.5414,9.6e-05
61963,2457749.31504,9.62e-05
61964,2457749.41063,9.6e-05
61966,2457749.60214,9.64e-05
61967,2457749.69761,9.61e-05
61974,2457750.36731,0.000151
61984,2457751.32369,9.67e-05
61985,2457751.41928,9.61e-05
61988,2457751.70625,9.62e-05
62036,2457756.29714,9.61e-05
62037,2457756.39272,9.61e-05
62037,2457756.39274,4e-05
62038,2457756.48853,9.6e-05
62038,2457756.48846,4.5e-05
62039,2457756.58409,4.2e-05
62040,2457756.67977,8e-05
62059,2457758.49707,9.63e-05
62060,2457758.5927,9.6e-05
62061,2457758.68844,9.65e-05
62069,2457759.45337,9.65e-05
62070,2457759.54925,9.67e-05
62214,2457773.3224,0.000159
62215,2457773.41796,0.000203
62224,2457774.27881,0.00011
62225,2457774.37449,5.1e-05
62226,2457774.47002,0.000111
62235,2457775.33099,9.64e-05
62236,2457775.42653,9.6e-05
62237,2457775.52231,9.6e-05
62245,2457776.28748,9.64e-05
62246,2457776.38302,9.62e-05
62247,2457776.47853,9.61e-05
62266,2457778.2959,0.000253
62266,2457778.29603,9.61e-05
62266,2457778.34372,0.000177
62267,2457778.39179,0.000187
62267,2457778.39163,9.6e-05
62267,2457778.39153,6e-05
62289,2457780.49588,9.61e-05
62475,2457798.28598,0.000246
62476,2457798.38191,0.000214
62477,2457798.47746,0.000124
62528,2457803.35541,0.000131
62530,2457803.54665,3.9e-05
62790,2457828.41475,7.5e-05
62843,2457833.48411,3.2e-05
62844,2457833.57974,6.5e-05
62884,2457837.4056,9.3e-05
62884,2457837.40559,1.9e-05
62885,2457837.50123,3.7e-05
62886,2457837.59686,5.7e-05
62894,2457838.36206,2.9e-05
62895,2457838.45773,6.1e-05
62915,2457840.37059,9.3e-05
62957,2457844.38771,6.6e-05
62978,2457846.39644,4.1e-05
63072,2457855.38738,0.00016
63145,2457862.36961,7.9e-05
63187,2457866.38662,4.4e-05
63188,2457866.48217,3.6e-05
63198,2457867.43868,4.9e-05
63365,2457883.41174,4e-05
63366,2457883.50738,5.2e-05
63376,2457884.46375,4.9e-05
63377,2457884.55972,5.87e-05
63378,2457884.65498,1.9e-05
63491,2457895.46315,3.6e-05
65116,2458050.889105,3.6e-05
65174,2458056.436624,5.9e-05
65320,2458070.400908,0.000242
65500,2458087.61759,9.18e-05
65582,2458095.46035,9.18e-05
65592,2458096.4171,9.18e-05
65594,2458096.60819,9.18e-05
65595,2458096.70399,9.18e-05
65626,2458099.66882,9.18e-05
65791,2458115.45069,9.18e-05
65792,2458115.5463,9.18e-05
65801,2458116.4071,9.18e-05
65802,2458116.50273,9.18e-05
65843,2458120.4243,9.18e-05
65844,2458120.51991,9.18e-05
65845,2458120.61565,9.18e-05
65886,2458124.53695,9.18e-05
65887,2458124.63262,9.18e-05
66000,2458135.4408,9.18e-05
66002,2458135.63194,9.18e-05
66030,2458138.31001,9.18e-05
66093,2458144.336056,3e-05
66094,2458144.431452,0.000102
66095,2458144.527359,4.1e-05
66096,2458144.62296,3.1e-05
66157,2458150.45742,9.18e-05
66168,2458151.50955,9.18e-05
66273,2458161.552412,2.5e-05
66282,2458162.413229,4.6e-05
66283,2458162.509018,8.3e-05
66805,2458212.436574,0.000126
66930,2458224.392311,0.000157
66952,2458226.496587,0.000275
67223,2458252.417033,0.000252
67286,2458258.44257,0.000203
68959,2458418.459648,0.000126
69032,2458425.441796,0.000155
69188,2458440.362812,0.000179
69189,2458440.458271,0.000206
69418,2458462.361467,0.000124
69659,2458485.412263,8.4e-05
69733,2458492.490163,6.1e-05
69819,2458500.7159,3e-05
69862,2458504.82867,0.00024
69870,2458505.59376,7e-05
69942,2458512.480366,0.000236
69944,2458512.67178,8e-05
69962,2458514.393247,0.0001
69963,2458514.488987,0.000107
70442,2458560.303749,5.2e-05
70444,2458560.494993,2.7e-05
70498,2458565.66003,3e-05
70516,2458567.381801,0.000102
70517,2458567.477389,0.000186
70528,2458568.529338,3.5e-05
70537,2458569.390252,6.7e-05
70726,2458587.467371,0.000126
70749,2458589.66736,5e-05
70788,2458593.397471,9.8e-05
70893,2458603.440464,7.7e-05
71063,2458619.70026,7e-05
71217,2458634.429954,0.000175
71991,2458708.460552,0.000166
72201,2458728.546331,3.7e-05
72201,2458728.546356,4.3e-05
72264,2458734.572115,4.5e-05
72326,2458740.502201,0.000102
72378,2458745.47578,0.00011
72547,2458761.64002,6e-05
72717,2458777.89999,8e-05
72785,2458784.40406,4e-05
73005,2458805.44643,3e-05
73129,2458817.30649,6e-05
73130,2458817.40219,2e-05
73130,2458817.4021,4e-05
73396,2458842.844241162,0.0001175100431424
73397,2458842.9398675314,0.0001159155973009
73398,2458843.0355285094,9.93986408284e-05
73399,2458843.131234584,0.0001297507882357
73400,2458843.3223448074,0.000126550342206
73400,2458843.226846984,0.0001279831536658
73401,2458843.418063033,0.0001086389508742
73403,2458843.5137412166,0.0001317936240645
73404,2458843.609362296,0.0001334600539587
73406,2458843.8962252755,0.0001002062484973
73406,2458843.800692592,0.0001094491003402
73408,2458844.0875023487,0.0001103645474811
73408,2458843.9919972196,0.0001162622547648
73410,2458844.1832406567,0.0001281616358006
73410,2458844.2786632576,0.0001112340830652
73412,2458844.3746365486,0.0001519413186608
73413,2458844.470370369,0.0001331437955931
73414,2458844.5658797733,0.0001123009246788
73414,2458844.66134949,0.0001203901732019
73416,2458844.757192062,0.0001320885405326
73417,2458844.8528168127,0.0001199061393488
73418,2458845.0440521357,0.0001231957644633
73418,2458844.9484471725,0.000108761777071
73420,2458845.139812015,0.000121799533624
73421,2458845.3309778455,0.0001636897553325
73421,2458845.235588219,9.70056898726e-05
73423,2458845.522192402,0.0001036111147344
73423,2458845.4268250368,0.0001547056303809
73424,2458845.6177618494,0.0001317954902516
73426,2458845.7136314535,0.0001095221880108
73427,2458845.8092459263,0.0001132661790211
73427,2458845.904855161,0.0001294793554429
73429,2458846.0005593146,8.35243129127e-05
73430,2458846.1916265003,0.0001277456702644
73430,2458846.0962052853,0.0001212097515453
73431,2458846.2874188926,0.0001125436080112
73433,2458846.383167432,0.0001240352128524
73434,2458846.4789343523,0.0001022226506449
73435,2458846.5745044937,0.0001023635587916
73435,2458846.670048733,9.62606333345e-05
73437,2458846.8613431943,0.0001213041753246
73437,2458846.765749412,9.80604271279e-05
73439,2458846.957144585,0.0001126906158583
73440,2458847.0526539166,0.0001095423023992
73440,2458847.148146083,0.0001173090191237
73442,2458847.2439641184,9.13574036873e-05
73442,2458847.3395503806,0.0001282700373543
73443,2458847.33965,5e-05
73443,2458847.33965,5e-05
73444,2458847.4352466385,0.0001119343201281
73445,2458847.530958649,0.000113004933396
73445,2458847.6264785547,0.0001563238528222
73446,2458847.7221070277,0.0001326795734185
73448,2458847.913342252,0.0001462537180642
73448,2458847.8178604585,0.0001557731228557
73449,2458848.0090282806,0.0001007733316433
73451,2458848.104872212,0.0001266808219237
73452,2458848.2005123016,9.65896600915e-05
73453,2458848.391492731,0.0001164433705532
73453,2458848.2962031374,8.81471457739e-05
73455,2458848.582938673,0.0001206526763199
73455,2458848.487417941,9.48452966113e-05
73457,2458848.774262929,0.000134418080496
73457,2458848.678710513,8.78671653244e-05
73459,2458848.8699961426,0.0001225183366701
73459,2458848.96556002,0.0001190791055102
73460,2458849.061177841,0.0001325251464105
73462,2458849.1569390357,9.60278264216e-05
73462,2458849.252429537,0.0001188981809099
73464,2458849.348162028,0.0001167957274024
73464,2458849.4437510613,0.0001076237854804
73466,2458849.539625545,0.0001030940686233
73466,2458849.6350398934,8.78581761596e-05
73468,2458849.7307753614,9.24104885914e-05
73469,2458849.8264597785,0.0001230999289327
73469,2458849.9220175534,8.50543268942e-05
73472,2458850.1134488974,0.0001252865454734
73474,2458850.3046575286,0.0001490366882512
73475,2458850.4003583016,0.0001370131227928
73476,2458850.495961508,0.0001225844020697
73477,2458850.591713425,0.0001110289104858
73477,2458850.6871869825,0.0001171390960344
73478,2458850.7828085786,0.0001250593428512
73479,2458850.878291911,0.0001138714589499
73480,2458850.9740750017,9.92551255963e-05
73482,2458851.0698335776,9.03177275071e-05
73483,2458851.165470762,9.34514051996e-05
73484,2458851.2612185106,0.0001066386836198
73484,2458851.356662576,0.0001403504468242
73486,2458851.4524299954,0.0001205681218039
73487,2458851.64367709,8.95284838836e-05
73487,2458851.5481528877,0.0001097794278192
73488,2458851.73919742,0.0001067885570561
73490,2458851.9305493888,0.0001433532835678
73490,2458851.8352029687,0.0001121768447354
73491,2458852.026140114,0.0001170313349699
73493,2458852.217525619,0.0001219847400676
73493,2458852.1219939548,0.0001174944019328
73494,2458852.3131696456,0.0001144363978779
73495,2458852.408830489,0.0001110397873317
73497,2458852.6000840627,0.0001289044410833
73497,2458852.5046746344,0.0001258200833898
73498,2458852.69575334,0.0001018747639951
73500,2458852.7915758207,0.0001094862533084
73501,2458852.8871211703,0.0001133525960915
73502,2458852.982829388,0.0001167317411798
73503,2458853.078406321,0.0001120455955888
73504,2458853.2696445226,8.92139205787e-05
73504,2458853.174049891,0.0001196582908194
73506,2458853.36546132,0.0001219811064764
73507,2458853.556617667,0.0001171837084123
73507,2458853.461084104,0.0001279782243618
73509,2458853.7477046326,0.0001174227570692
73509,2458853.6523605213,0.0001384861208612
73511,2458853.9391310206,0.0001153974095484
73511,2458853.843805169,9.63576769237e-05
73513,2458854.0349426894,0.0001277852023508
73514,2458854.130568424,0.000117395973418
73515,2458854.321730307,0.0001082136637426
73515,2458854.2262052572,0.0001220842545807
73517,2458854.417512876,9.01888588696e-05
73517,2458854.512975531,0.0001374859074872
73518,2458854.608559372,0.0001083488880854
73519,2458854.7042353484,0.0001345264423776
73520,2458854.800017202,0.0001354880825517
73537,2458856.425941414,0.0001681083128149
73539,2458856.5217438526,0.0001195187395868
73541,2458856.7130814334,0.000128313767674
73542,2458856.808758484,0.0001392244026578
73543,2458856.9044471495,0.000145471939506
73544,2458857.000191587,9.7560834552e-05
73546,2458857.1913512014,0.0001323981353171
73548,2458857.382490335,0.0001187295859166
73549,2458857.5737175853,9.57167551651e-05
73549,2458857.478169468,0.0001528097835076
73551,2458857.6694745715,0.0001638021014153
73552,2458857.765234141,0.0001364947607465
73553,2458857.9561749008,0.000129417020727
73553,2458857.8608170566,0.0001823402168366
73555,2458858.0520715388,0.000151228132692
73556,2458858.243274672,0.0001208742838667
73556,2458858.1478484566,0.0001583538365402
73558,2458858.3390249237,0.0001188265463632
73559,2458858.530091388,9.66631257449e-05
73559,2458858.4347388386,0.0001177188403732
73561,2458858.721538013,9.76829523992e-05
73561,2458858.625908762,0.0001315885077339
73562,2458858.8171779634,0.0001464117103238
73564,2458859.0083012744,0.0001369029644359
73564,2458858.9129830794,0.0001100843361736
73566,2458859.104192775,0.0001173126459019
73567,2458859.199979776,0.0001522565856582
73567,2458859.2953903987,0.0001063929778859
73568,2458859.391022919,0.0001238480960546
73569,2458859.486601516,0.0001386409072523
73570,2458859.5823356854,0.0001209626456459
73572,2458859.6781036044,0.0001126799033117
73573,2458859.773814361,0.0001975283047907
73574,2458859.8693230427,0.000118308142037
73574,2458859.964869404,0.0001146157363706
73576,2458860.0608132104,0.0001471716543133
73577,2458860.156295909,0.0001128909519905
73578,2458860.252037683,0.0001248517099628
73579,2458860.3478053003,0.0001047076553265
73579,2458860.443181233,0.0001217549258432
73581,2458860.538859056,9.74112210141e-05
73582,2458860.634617152,0.0001252402830144
73582,2458860.7300412455,0.0001311052644593
73584,2458860.8260264457,8.84517491656e-05
73585,2458860.92148526,0.0001186072530833
73586,2458861.0170741105,0.0001305305955118
73587,2458861.1128011346,0.0001018499590824
73588,2458861.2083754283,0.0001182353834963
73589,2458861.30401,5e-05
73589,2458861.304312474,9.99795730492e-05
73590,2458861.3997674654,9.76822091809e-05
73590,2458861.4951702747,0.0001253031384076
73592,2458861.5909504304,0.000117852339167
73593,2458861.686747131,0.0001197803330685
73594,2458861.7823322606,0.0001308320088724
73596,2458861.9737072825,0.0001384144384752
73597,2458862.0693719336,0.0001240636570986
73597,2458862.1647206894,0.000121198853469
73598,2458862.2603706806,0.0001654648415563
73600,2458862.356148352,0.0001431253332055
73601,2458862.54733592,0.000138100894329
73601,2458862.4518004167,8.48712789744e-05
73603,2458862.738681845,0.0001211205716911
73603,2458862.6430717246,0.0001263727514986
73605,2458862.9299715324,0.0001189841321778
73605,2458862.834445457,0.0001668822868874
73607,2458863.0258042356,0.0001564692786179
73608,2458863.21686121,9.1674923528e-05
73608,2458863.121312673,0.0001062824931714
73610,2458863.3127004406,0.0001140234174074
73611,2458863.408270756,0.0001139006691583
73612,2458863.504053524,0.000113174709773
73613,2458863.695061471,0.0001195901162213
73613,2458863.59956134,0.0001144141866413
73614,2458863.7907830114,0.0001052359337482
73615,2458863.8863084526,0.0001139061761712
73617,2458864.0776950214,0.0001131270580997
73617,2458863.9822302726,0.0001007138462466
73619,2458864.269029108,0.0001301425331316
73619,2458864.17345464,0.0001095314664969
73621,2458864.364731372,0.0001300505258927
73622,2458864.4604668985,0.0001236435557878
73624,2458864.6519054286,0.0001731932558173
73625,2458864.842799207,0.0001169159042447
73625,2458864.7472896622,0.0001223672145352
73626,2458864.9384452603,0.0001279188659603
73628,2458865.0344225313,0.0001154559318298
73629,2458865.1299633784,0.0001435815214167
73630,2458865.2258075504,0.0001144948844511
73631,2458865.321170709,9.78459838853e-05
73632,2458865.4170506764,0.00012027789643
73633,2458865.5124972668,0.0001197355382873
73634,2458865.608141275,0.0001243479909758
73635,2458865.70378062,0.0001270521646124
73636,2458865.799464997,0.0001150595609211
73637,2458865.8951674323,0.0001319343052805
73638,2458865.990783176,7.90176598402e-05
73639,2458866.086486105,0.0001180848806717
73640,2458866.1822017804,0.0001072837275702
73641,2458866.277690681,8.94958111083e-05
73642,2458866.373450392,0.0001019065044297
73643,2458866.468925289,0.0001371217009422
73643,2458866.564345571,0.0001411473715997
73644,2458866.6601314284,0.0001183322681523
73645,2458866.755801416,9.32039664226e-05
73646,2458866.85141093,9.41034256476e-05
73648,2458866.9472274254,0.0001048790060261
73649,2458867.0428769113,0.0001064466284553
73650,2458867.1386760194,0.0001039236769189
73650,2458867.2340487526,9.34532027897e-05
73652,2458867.3299646154,0.0001174875533558
73654,2458867.616668517,0.0001041664758732
73654,2458867.5210588896,0.000103591102801
73656,2458867.712349688,0.0001133104631868
73656,2458867.807912804,0.0001029886773809
73658,2458867.903720472,0.0001340791211964
73659,2458867.999407948,0.0001300822379293
73660,2458868.190461257,0.0001526860212679
73660,2458868.094933781,0.000120721601682
73662,2458868.2863481184,0.0001150532201428
73662,2458868.3816687553,0.000114695922474
73663,2458868.477413693,0.0001522768215579
73665,2458868.573422584,0.000161467954306
73665,2458868.668767517,0.0001064921999876
73929,2458893.82398,0.00011
74112,2458911.32735,5e-05
74322,2458931.4131,7e-05
74542,2458952.45547,4e-05
74793,2458976.46276,6e-05
74890,2458985.74066,0.00017
74911,2458987.74896,6e-05
74984,2458994.73099,8e-05
75065,2459002.47845,0.00011
75755,2459068.47492,7e-05
75756,2459068.57053,0.0001
76153,2459106.54234,8e-05
76324,2459122.89784,5e-05
76366,2459126.91491,6e-05
76376,2459127.8714,6e-05
76387,2459128.92344,7e-05
76397,2459129.88002,6e-05
76418,2459131.88864,5e-05
76424,2459132.46253,0.00011
76428,2459132.84512,5e-05
76439,2459133.89723,4e-05
76449,2459134.85363,6e-05
76470,2459136.86217,5e-05
76491,2459138.87083,7e-05
76501,2459139.82732,8e-05
76512,2459140.8794,6e-05
76522,2459141.83589,5e-05
76533,2459142.88799,6e-05
76559,2459145.37481,4e-05
76695,2459158.38283,7e-05
76903,2459178.27745,9e-05
77091,2459196.25887,6e-05
77092,2459196.35456,3e-05
77092,2459196.35453,3e-05
77354,2459221.41396,3e-05
77531,2459238.34355,8e-05
77531,2459238.34352,9e-05
77740,2459258.33361,4e-05
77803,2459264.35934,3e-05
77970,2459280.33233,3e-05
78138,2459296.40094,8e-05
78369,2459318.49543,8e-05
78849,2459364.40578,8e-05
79760,2459451.53985,5e-05
79854,2459460.53072,6e-05
80083,2459482.43386,2e-05
80208,2459494.3897,2e-05
80365,2459509.40616,8e-05
80699,2459541.35223,4e-05
81002,2459570.33321,8e-05
81102,2459579.898489541,0.0002896931222103
81103,2459579.993596013,0.0003364538308503
81103,2459580.088874222,0.0003738519993697
81104,2459580.184555612,0.0001944036526293
81106,2459580.280567377,0.000235927994267
81106,2459580.3759681536,0.0002040381716275
81107,2459580.471402445,0.0002390201080187
81109,2459580.6628408353,0.0002034310232714
81109,2459580.5676148203,0.000202408159784
81111,2459580.759042962,0.0001323252390254
81112,2459580.85432702,0.000165804194489
81113,2459580.949945531,0.000104276389462
81114,2459581.0456347642,0.0002017958047999
81115,2459581.141277594,0.000165856004802
81116,2459581.236957029,0.0001417304917247
81117,2459581.332657046,0.000150316938725
81118,2459581.428189765,0.000122105870983
81119,2459581.523858488,0.0001238405654238
81119,2459581.619379527,0.0001173766760195
81120,2459581.715063221,0.0001171996044261
81121,2459581.810647292,0.0001079745753215
81123,2459581.9064019006,0.0001513290304103
81123,2459582.0018485365,0.0001079445574103
81125,2459582.097776022,0.0001204965132913
81126,2459582.1936364584,0.0001302954535038
81127,2459582.289127072,0.0001190591877537
81128,2459582.384747655,0.0001603891821519
81129,2459582.48059126,0.0001413053018485
81129,2459582.575561424,0.0001522815042708
81131,2459582.6716260086,0.0001265213091809
81132,2459582.7673178166,0.0001231309683433
81133,2459582.863056436,0.0001238753337777
81133,2459582.9584450503,0.0001470141854148
81135,2459583.0543277157,0.0001308305329105
81136,2459583.2454091976,0.0001703786986877
81136,2459583.1498408807,0.0001501501362098
81138,2459583.341194844,0.0001345022391951
81139,2459583.4367302335,0.0001509343275581
81140,2459583.5324645634,0.00015926932308
81140,2459583.628015186,0.0001305975774859
81142,2459583.7237058533,0.0001237344391218
81142,2459583.8193062134,0.000114035977567
81144,2459583.915221851,0.0001308191075006
81145,2459584.010745866,0.0001003755308374
81146,2459584.1064034025,0.0001509681364726
81147,2459584.2019589134,0.0001529210394769
81147,2459584.297291924,0.0001423286156278
81149,2459584.3932727925,0.0001195685034114
81150,2459584.4888581047,0.000134882350405
81151,2459584.584536717,0.0001179056507866
81152,2459584.6803429853,0.0001081496535342
81153,2459584.7757890946,0.0001430392997939
81153,2459584.871234508,0.0001352200956067
81155,2459584.967102972,0.0001598743962438
81155,2459585.0627147886,0.0001295417547972
81156,2459585.158125172,0.0001566686462891
81157,2459585.253881752,0.000116682337868
81158,2459585.3494231794,0.00010626217757
81159,2459585.4452383462,0.0001282225455197
81161,2459585.5412702127,0.0001098297901709
81162,2459585.6366968406,0.0001176781448419
81163,2459585.7322784406,0.0001214064793633
81164,2459585.828179711,0.0001452939571728
81165,2459585.9238452497,0.0001017445819174
81166,2459586.019336333,0.0001635896129455
81167,2459586.114983394,0.0001575450283324
81168,2459586.210735684,0.0001304720298729
81169,2459586.3061660836,0.0001773098806842
81169,2459586.40176708,0.0001260222665691
81171,2459586.592957897,0.0001322190393329
81171,2459586.4976582974,0.0001580670974083
81173,2459586.6887904583,0.0001745067520544
81173,2459586.784358632,0.0001128803994241
81174,2459586.8800014206,0.0001476503807152
81176,2459586.975775225,0.0001363260001853
81177,2459587.0713827196,9.872376360060797e-05
81178,2459587.1671374203,0.000125027242216
81179,2459587.26261787,0.0001143493992355
81180,2459587.3584132283,0.0001397551030767
81181,2459587.453929652,0.0001286331157669
81182,2459587.5497182123,0.0001128167377299
81183,2459587.645269147,0.0001118900264186
81184,2459587.741019325,0.000102809642589
81185,2459587.8365170755,0.0001305929487583
81185,2459587.932109384,0.0001139917332834
81187,2459588.0280220145,0.0001105487066817
81188,2459588.1234700796,0.0001251695043418
81189,2459588.219120832,0.0001304615977162
81190,2459588.314835051,0.0001076065593559
81190,2459588.410354409,0.0001514633962812
81192,2459588.5061321384,0.0001153482320759
81192,2459588.601550257,0.0001313901742031
81194,2459588.6975250817,0.0001555634640627
81195,2459588.793183101,0.0001162287240829
81196,2459588.888700173,0.0001245128625196
81197,2459588.9843851286,0.0001135352126268
81198,2459589.175443924,0.0001372841031422
81198,2459589.0800379794,0.0001536944884623
81200,2459589.2714106007,0.0001168922313975
81201,2459589.3668440776,0.0001450960420431
81201,2459589.4624465792,0.000125201389148
81203,2459589.5582980914,0.0001521986335707
81204,2459589.653823115,0.0001344519791361
81205,2459589.7494732346,0.0001256688875783
81205,2459589.844871707,0.0001238879611534
81207,2459589.940832266,0.0001518179283981
81208,2459590.0363890254,0.0001523457731301
81209,2459590.132017106,0.0001274903819255
81210,2459590.228015762,0.0001581620233059
81211,2459590.3233322008,0.000124729322137
81211,2459590.4188436554,0.0001471896771386
81212,2459590.419089,0.0001183
81213,2459590.514793,9.59e-05
81213,2459590.5147008896,0.0001563763399177
81214,2459590.6103420076,0.0001120072616201
81214,2459590.61028,8e-05
81215,2459590.705967736,0.0001253889080386
81215,2459590.8014890887,0.0001150114734119
81217,2459590.897182425,0.0001096440252604
81218,2459591.088315679,9.957053238693416e-05
81218,2459590.992854804,0.0001422725973038
81220,2459591.184124368,0.0001458276028723
81221,2459591.2798918895,0.0001209767372196
81222,2459591.3756492403,0.000146658347011
81222,2459591.4710281393,0.0001242180799591
81224,2459591.5667148274,0.000142622807197
81224,2459591.6623156406,0.000152646775182
81225,2459591.757843101,0.000141808868536
81227,2459591.8538264474,0.0001333269931025
81227,2459591.9492725674,0.0001624505299745
81229,2459592.0451076007,0.0001104809829501
81229,2459592.1405351297,0.0001268247471557
81230,2459592.2361871414,0.0001543629202468
81232,2459592.331956552,0.0001214242043329
81233,2459592.427684453,0.0001145508668
81233,2459592.52315049,0.0001519331675323
81235,2459592.6189892925,0.0001087245695147
81236,2459592.714567225,0.0001417520512754
81237,2459592.8102286174,0.0001317231381509
81237,2459592.905574085,0.000146978306931
81249,2459593.958535227,0.0007316008774183
81250,2459594.054442304,inf
81250,2459594.1491184854,0.0005903320895137
81252,2459594.245083001,0.0003105012570718
81253,2459594.4356344277,0.0004351795338385
81255,2459594.532182161,0.0003008942793715
81256,2459594.6275243983,0.0002899275734449
81257,2459594.723398258,0.0002483469221817
81258,2459594.8187755863,0.0003255975288698
81259,2459594.914388213,0.0002712368001544
81259,2459595.0096733905,0.0002481163336651
81261,2459595.106141259,inf
81262,2459595.2054485735,inf
81262,2459595.288091805,inf
81264,2459595.3996687653,inf
81265,2459595.4888898847,inf
81265,2459595.5833460935,0.0003181598731791
81267,2459595.6796532604,0.0002270334025244
81268,2459595.775445521,0.0003159871654126
81268,2459595.870634757,0.0002065039350297
81270,2459595.9668342387,0.000275687816723
81271,2459596.06497832,inf
81272,2459596.2413932406,0.0004693380150187
81274,2459596.349155136,0.0001603479971075
81275,2459596.446037281,inf
81276,2459596.635659754,0.0001519327270657
81276,2459596.540336716,0.0001565376964171
81278,2459596.731718461,0.0001712385715894
81279,2459596.8272896702,0.0001282238659242
81279,2459596.922871761,0.0001351784762622
81281,2459597.0187011086,0.0001352839232766
81282,2459597.114224872,0.0001341536508247
81283,2459597.2098710425,0.0001438796592443
81284,2459597.305764624,0.0001084828509179
81284,2459597.401145828,0.0001292626654536
81286,2459597.496902523,0.0001411859019392
81286,2459597.5923361653,0.0001090564351304
81288,2459597.688305344,0.0001285097644965
81288,2459597.7837044154,0.0001168209445353
81290,2459597.879600007,0.0001298242617866
81291,2459598.0705792527,9.854999799785572e-05
81291,2459597.9752823906,0.0001512431493477
81293,2459598.1665593265,0.0001667753867479
81293,2459598.261872848,0.0001511251909399
81295,2459598.3576583774,0.0001347134313476
81295,2459598.453171244,0.0001397625074344
81296,2459598.5487625888,0.0001403399923576
81298,2459598.644648761,0.0001316944194691
81298,2459598.740187038,0.0001159258083837
81300,2459598.835991248,0.0001181775424325
81300,2459598.9314132556,0.0001421813848301
81302,2459599.0272969427,0.0001039221058393
81303,2459599.1229101163,0.0001094386723076
81304,2459599.2184974323,0.000109132771063
81305,2459599.314142936,0.0001347064966147
81306,2459599.4098478286,0.0001211452767378
81307,2459599.5056391144,0.0001407084384866
81308,2459599.6011169935,0.0001082980280239
81308,2459599.6965466086,0.0001073202865234
81309,2459599.7921936065,0.0001000568072238
81311,2459599.888219669,0.0001180614121436
81312,2459599.983633776,9.586612835451656e-05
81312,2459600.079075468,0.0001572656548568
81314,2459600.175017586,0.0001178951383983
81315,2459600.2706721015,0.0001509096393874
81316,2459600.3662785543,0.0001030076743101
81317,2459600.461884153,0.000139702142577
81318,2459600.5576541238,0.0001041757272904
81318,2459600.6530206213,0.0001603839632436
81320,2459600.7488288623,0.0001384623037477
81321,2459600.8444610275,0.0001447218257062
81322,2459600.9401075356,0.000135825647978
81323,2459601.0359149487,8.802305392910643e-05
81324,2459601.1316219587,0.0001237500178077
81325,2459601.2271909127,0.0001211445165528
81326,2459601.4182714666,0.0001472203750831
81326,2459601.322843624,0.0001553391881178
81328,2459601.514108064,9.115997969483772e-05
81329,2459601.6097151474,0.0001221892694058
81330,2459601.7053571,0.0001369306356896
81331,2459601.801109594,9.068298078852212e-05
81332,2459601.8967364333,0.0001355075005071
81333,2459601.9923761254,0.0001757275612451
81334,2459602.0880058636,0.0001551947797164
81335,2459602.183575276,0.00012707236345
81335,2459602.2790910034,0.0001216517669041
81337,2459602.3749125944,0.0001413466727038
81338,2459602.4705554848,0.0001278174570659
81339,2459602.5664193844,0.0001388836538557
81340,2459602.662011184,0.0001621366542483
81341,2459602.757461924,0.0001200202562204
81342,2459602.853267483,0.000125413110862
81343,2459602.9488015953,0.0001451907965335
81344,2459603.044358252,0.0001190369365215
81345,2459603.140119985,0.0001640604258302
81346,2459603.235672158,0.0001312502089942
81347,2459603.3313569613,0.0001557778988401
81348,2459603.426938568,0.0001504973107939
81349,2459603.522768651,0.0001141385650652
81349,2459603.6180597143,0.0001550136204464
81350,2459603.7137292493,0.000103990991529
81352,2459603.8095375053,0.000147469258751
81353,2459603.905260693,0.0001000779559948
81354,2459604.000974716,0.000168877272222
81355,2459604.096560567,0.0001472882068216
81356,2459604.1921061263,0.0001371354049345
81356,2459604.2876938544,0.0001469257369264
81358,2459604.3834779374,0.0001224138060993
81359,2459604.479064636,0.000132174701276
81360,2459604.5749148866,0.0001312137627905
81361,2459604.7659218973,9.458548829702622e-05
81361,2459604.6705066254,0.0001146074108195
81363,2459604.9572384027,9.75482309694216e-05
81363,2459604.8618705696,9.793544091345352e-05
81365,2459605.1484043025,0.00016486265556
81365,2459605.0530489665,0.000114464362001
81367,2459605.244338813,0.0001633986913283
81368,2459605.3401495,0.0001236432164831
81369,2459605.435636379,9.956215203536775e-05
81370,2459605.531243935,0.0001216390481411
81371,2459605.626785265,0.0001257686744611
81372,2459605.7225167626,0.0001349632961981
81373,2459605.8182939994,0.0001445343257156
81374,2459605.9140088926,0.0001356952653823
81375,2459606.009386657,0.0001267487134064
81375,2459606.1048773755,8.781273854069941e-05
81377,2459606.2006968134,0.0001715495571333
81378,2459606.2965583703,0.000112378465669
81379,2459606.487435546,0.0001347538043657
81379,2459606.392201292,0.0001268202077797
81381,2459606.583347989,0.0001334319516214
81382,2459606.6793211787,0.0001033264825579
81383,2459606.7745868107,0.000127205737452
81383,2459606.77459427,0.000135438920685
81693,2459636.42506,4e-05
81964,2459662.34528,2e-05
81965,2459662.44097,3e-05
82048,2459670.37961,2e-05
82624,2459725.472158,2.55e-05
83524,2459811.554143,4.51e-05
83805,2459838.431051,0.0001152
83817,2459839.578746,4.28e-05
84110,2459867.603363,4.98e-05
84246,2459880.611173,4.98e-05
84412,2459896.488653,3.95e-05
84778,2459931.495231,4.87e-05
84836,2459937.042688578,0.0001202629845235
84837,2459937.1386331385,0.0001611992948427
84838,2459937.3294959334,0.0002287917476148
84838,2459937.2340637557,0.000190738579941
84844,2459937.9032411454,0.0010101598142912
84846,2459938.0944062197,0.0002578968800175
84848,2459938.1904588384,0.0002296104549171
84849,2459938.286246065,0.0002168709754112
84850,2459938.3818170973,0.0002244857011939
84850,2459938.477288928,0.0002171150634359
84851,2459938.572920514,0.0001681210842823
84853,2459938.669035609,0.000240872641123
84854,2459938.764403361,0.0001708369442279
84855,2459938.9554052204,0.000168789281317
84855,2459938.860173652,0.0001204435639227
84857,2459939.0512635945,0.0001760155405545
84857,2459939.1468805578,0.0001471472967152
84858,2459939.2424521926,0.0001247429792876
84860,2459939.3383310824,0.000133125115731
84860,2459939.4337540655,0.0001190771071095
84862,2459939.5295842597,0.0001003840602228
84862,2459939.625099836,0.0001376817917777
84864,2459939.7209241623,0.0001338573007869
84865,2459939.8165264428,0.0001152708423209
84866,2459939.912242281,0.0001059318259981
84867,2459940.007726724,0.0001116601080319
84868,2459940.103520096,0.0001394304517273
84869,2459940.199201212,0.0001108336715606
84870,2459940.2948476686,0.0001189635480178
84871,2459940.3903426547,0.0001312034843169
84872,2459940.4860079424,0.0001174337822847
84873,2459940.5816943143,8.796613183550056e-05
84874,2459940.6772798775,0.0001180305109355
84875,2459940.7729214863,0.0001051287122917
84876,2459940.868551416,9.974546663210934e-05
84876,2459940.9641577513,0.0001072894671673
84877,2459941.0597979473,0.0001372368984818
84879,2459941.250951916,9.871735473476444e-05
84879,2459941.1555773276,0.0001207672603569
84881,2459941.346917021,8.722756162467955e-05
84882,2459941.4424448544,9.640330513605694e-05
84883,2459941.538167034,0.0001040716092835
84883,2459941.6336478735,9.944427265192317e-05
84885,2459941.729486243,9.90099770932885e-05
84886,2459941.920590285,9.740517303077064e-05
84886,2459941.825069115,8.229372006261924e-05
84888,2459942.0163392043,0.0001061861868531
84889,2459942.111934733,0.0001332135504041
84889,2459942.207525322,0.000113723043359
84891,2459942.3988302927,0.000125521763385
84891,2459942.303379097,0.0001131428335752
84892,2459942.494498075,0.000154490206041
84894,2459942.590206036,0.0001106959490086
84895,2459942.685891761,0.0001237263866695
84896,2459942.781658626,9.768699706316604e-05
84896,2459942.8771001766,0.0001327289184136
84898,2459942.9728494533,0.0001166353258969
84899,2459943.0685765897,0.0001289646493707
84900,2459943.164402087,9.62401452782618e-05
84901,2459943.2597578,0.0001213917170091
84902,2459943.3553684987,0.0001092968943323
84903,2459943.5466224635,0.0001079205691716
84903,2459943.451045645,0.0001093540341595
84905,2459943.642320549,0.0001216924136723
84908,2459943.929463804,0.0001731497010985
84909,2459944.024897799,0.0001162105681436
84910,2459944.120580164,0.0001123494105261
84911,2459944.2162098526,9.06907694160881e-05
84911,2459944.31170438,0.00013344123006
84913,2459944.407661861,0.0001054998879547
84914,2459944.503266457,0.0001117008055484
84915,2459944.5988078546,0.0001014504956078
84915,2459944.694386392,8.376106132055474e-05
84917,2459944.790167115,9.756924792327973e-05
84918,2459944.8856924255,9.334003781658836e-05
84919,2459944.981347688,9.9175805504972e-05
84920,2459945.0769826365,0.000100740854758
84921,2459945.1727600917,9.284179627488472e-05
84922,2459945.2684639944,0.0001174646548484
84923,2459945.3640197846,8.408780576714959e-05
84923,2459945.459487733,0.0001025701016704
84924,2459945.5551676755,9.655166826074252e-05
84925,2459945.6507987357,0.0001224394479526
84926,2459945.746420504,9.59827369956901e-05
84927,2459945.842118088,8.60064077480839e-05
84929,2459945.937896397,0.0001134515692204
84930,2459946.0335441404,0.0001021877432909
84930,2459946.1290500695,0.0001067982602628
84931,2459946.224714359,0.0001114419964725
84933,2459946.416016985,0.0001024024732013
84933,2459946.3205063,0.000112691246684
84935,2459946.511721859,0.0001298846808818
84935,2459946.6073071263,9.455737049052496e-05
84937,2459946.7031568657,0.000104418122861
84938,2459946.7988366643,9.76599268600386e-05
84939,2459946.894548414,8.17715794742604e-05
84940,2459946.990117158,0.0001383553907185
84940,2459947.0855066646,0.0001228290675022
84941,2459947.181146192,0.0001261416830304
84942,2459947.276846308,0.0001087119645927
84944,2459947.372568662,0.0001098851738358
84945,2459947.4681558786,8.240443431125046e-05
84945,2459947.563761396,0.0001107400425849
84946,2459947.659314355,9.660191851659552e-05
84948,2459947.7552217687,0.0001302052944676
84949,2459947.8509272295,9.477196851544711e-05
84950,2459948.0420201137,0.0001137872418809
84950,2459947.9463829785,8.367827780300495e-05
84952,2459948.137705507,0.0001392262320057
84952,2459948.233197992,0.0001208871354683
84954,2459948.329194776,0.0001177345685748
84955,2459948.4246874973,0.0001359664441944
84956,2459948.5202754005,0.0001028819621054
84956,2459948.6158541017,9.872249088417847e-05
84958,2459948.711625765,0.0001188600825678
84959,2459948.8073433824,9.363094964058748e-05
84960,2459948.9029512824,7.600651462146787e-05
84961,2459948.998666705,8.883872975373706e-05
84961,2459949.094125035,9.949633582622264e-05
84963,2459949.189888374,9.967707688919602e-05
84963,2459949.2854378764,8.093189223848176e-05
84964,2459949.3810596047,0.0001189154126671
84965,2459949.476667293,9.266511054349913e-05
84967,2459949.572578278,0.0001203039961058
84967,2459949.6678986894,8.69791246161418e-05
85025,2459955.1200314695,0.0001138052676996
85026,2459955.215602309,0.0001093852553079
85026,2459955.3111705184,0.0001553124091753
85028,2459955.406981364,0.0001221952714995
85029,2459955.5025218525,0.0001049320611628
85029,2459955.5980496574,0.0001313703432571
85031,2459955.693765813,9.692202980454168e-05
85032,2459955.789545201,9.976194695824973e-05
85033,2459955.8850649656,9.223798634627068e-05
85034,2459956.0760695464,0.0001252546279627
85034,2459955.980772674,0.0001203039913042
85035,2459956.1719328314,8.919471148424355e-05
85040,2459956.5546867186,0.0001089033527788
85041,2459956.7457056786,9.874667403634858e-05
85041,2459956.650369291,0.0001049668850877
85042,2459956.841488895,0.0001121412784121
85044,2459956.937368704,0.0001060061139752
85044,2459957.0328192464,0.000105110288561
85045,2459957.1282902984,9.98748197703295e-05
85046,2459957.2240855694,0.0001294597093042
85047,2459957.3197195623,0.0001097050708797
85049,2459957.415426925,0.0001138937074395
85049,2459957.51100228,0.0001167442652585
85050,2459957.606668253,0.000104012647604
85052,2459957.7024327754,0.0001082276202864
85053,2459957.7981055584,0.0001128686551318
85053,2459957.893567019,0.0001382132909619
85055,2459957.989393341,0.0001022606599524
85056,2459958.08507438,0.0001199580723238
85057,2459958.1807681136,9.23526901012635e-05
85058,2459958.2764205867,7.548243045283023e-05
85059,2459958.372077422,9.727553270870144e-05
85060,2459958.467621475,7.853442440115546e-05
85061,2459958.5632251296,0.0001388041531433
85062,2459958.658871868,0.00011099124725
85062,2459958.75438584,0.0001068259619013
85064,2459958.850376141,0.0001063977079174
85065,2459958.945822529,0.0001690151374354
85065,2459959.0413977327,0.0001061591157008
85066,2459959.137007116,8.676225304055127e-05
85068,2459959.2326964065,0.0001220447651696
85069,2459959.3284448986,0.0001146569009627
85069,2459959.423887963,0.000102370536342
85071,2459959.5196816055,0.0001043574865092
85072,2459959.7109224256,0.0001281753176075
85072,2459959.61538482,0.0001116356097894
85074,2459959.902172636,0.0001061443869081
85074,2459959.8067180254,0.0001172234256043
85076,2459959.997879663,0.0001202085706628
85077,2459960.093583219,9.195486569641606e-05
85078,2459960.1892575603,9.073719515048546e-05
85078,2459960.284737774,9.236155411026568e-05
85080,2459960.3805948566,0.0001326027549199
85081,2459960.4761794535,9.775489013314196e-05
85081,2459960.571646085,0.0001259499738105
85083,2459960.667483648,6.683397685735753e-05
85084,2459960.763048142,0.0001088552513125
85084,2459960.8586755083,9.485497416974177e-05
85086,2459960.954521788,9.105954325058132e-05
85087,2459961.0501268166,9.601812073406908e-05
85088,2459961.145799041,8.79228738033301e-05
85089,2459961.2414085236,0.0001527221618675
85090,2459961.3370859865,9.82923578249568e-05
85091,2459961.432672214,0.0001067442737695
85092,2459961.528433325,0.0001504526040932
85093,2459961.624012742,0.0001271754990138
85094,2459961.719636449,9.32917134270666e-05
85095,2459961.815202906,0.0001003168456922
85096,2459961.911007518,0.0001140585766619
85097,2459962.0064878073,0.0001016198319832
85098,2459962.102217426,0.0001183517339051
85099,2459962.1977754724,0.00012347504148
85100,2459962.2935399013,0.0001269393708125
85101,2459962.38922715,0.0001348799168483
85101,2459962.389191392,0.0001127495091493
85102,2459962.4848009227,0.0001088689720059
85111,2459963.345565,7.63e-05
85445,2459995.291558,2.31e-05
85446,2459995.387151,3.47e-05
85697,2460019.394605,5.56e-05
85885,2460037.376084,3.24e-05
85886,2460037.471798,6.25e-05
85886,2460037.471774,5.78e-05
86084,2460056.409844,4.8e-05
86314,2460078.408629,3.26e-05
86649,2460110.450171,6.01e-05
87362,2460178.646345,4.63e-05
87560,2460197.584381,4.63e-05
87821,2460222.548182,6.25e-05
87916,2460231.634666,2.4e-05
88238,2460262.432897,5.56e-05
88239,2460262.528531,2.89e-05
88352,2460273.336594,5.56e-05
88353,2460273.432255,6.48e-05
88354,2460273.527892,3.47e-05
88355,2460273.623533,3.59e-05
88483,2460285.8663843316,9.924623472106312e-05
88484,2460285.962037131,0.0001351691442336
88485,2460286.057639996,0.0001348875088902
88486,2460286.1535609886,0.0001717937834919
88487,2460286.24894164,0.0001911996753472
88488,2460286.3445386924,0.0002338057191116
88488,2460286.431256179,inf
88489,2460286.5356587158,0.0002912035623608
88491,2460286.632131333,0.0002570243404645
88492,2460286.727396354,0.000262324989463
88492,2460286.822569828,0.0002083429110621
88494,2460286.918752071,0.0002873597544232
88495,2460287.0141660403,0.0002573839852373
88496,2460287.20477663,0.0002520291693946
88496,2460287.1097987094,0.0003816461406688
88497,2460287.3008877086,inf
88498,2460287.3951260108,inf
88499,2460287.4919471503,0.0003126917422578
88500,2460287.5874583316,0.0003009349328296
88502,2460287.7037059125,inf
88503,2460287.779396935,0.000249232052321
88504,2460287.874839173,0.0002257539379087
88505,2460287.9709352492,0.0002009880088018
88505,2460288.0660651224,0.0001605328399405
88506,2460288.161697461,0.0002357113026117
88508,2460288.257733203,0.0002286651070608
88508,2460288.352916554,0.0001400097661234
88510,2460288.4488982656,0.0002536960346847
88510,2460288.544272176,0.0001816471341694
88512,2460288.640297639,0.0001723968763655
88513,2460288.83118259,0.0001863560991185
88513,2460288.7357404404,0.0001472529125618
88514,2460288.926894448,0.0001697866909817
88516,2460289.0226570587,0.0001494427209607
88517,2460289.1182528865,0.0001234642658065
88518,2460289.214199946,0.0001737535931248
88518,2460289.3094450063,0.0001157999676842
88520,2460289.405215641,0.0001736764187486
88521,2460289.5009131962,0.000128562530449
88522,2460289.596540548,0.0001478435213608
88523,2460289.6922982577,0.0001456299294468
88523,2460289.7877661227,0.0001016016779625
88525,2460289.8835539105,0.000135066518898
88525,2460289.979052292,0.0001710618469378
88526,2460290.0745661706,0.0001329283414178
88528,2460290.1704606446,0.0001312713124646
88529,2460290.2661463176,0.0001430113931253
88530,2460290.3616609205,0.000128683115525
88531,2460290.457403539,0.0001105622082417
88532,2460290.5531467358,0.0001215829373124
88533,2460290.648631027,0.0001240293677804
88533,2460290.7442223486,0.0001477683712953
88535,2460290.8400800424,0.0001719809047625
88535,2460290.935489564,0.0001457459416049
88537,2460291.0312502636,0.0001423634823408
88538,2460291.1268964303,0.0001104469943159
88539,2460291.222516584,0.0001547738613427
88540,2460291.318151969,0.0001393574434291
88540,2460291.4136092653,0.0001236246413862
88541,2460291.509356252,0.0001034141766124
88543,2460291.605064637,0.0001178460141756
88544,2460291.700792296,0.0001423779976756
88545,2460291.796375993,0.0001146846778705
88546,2460291.8921220135,0.0001215209651661
88547,2460292.0832057926,0.0001371479656976
88549,2460292.1789680035,9.606682537201962e-05
88553,2460292.561623144,0.0001121680774009
88553,2460292.657152107,0.0001376012974715
88555,2460292.752880224,0.0001655344890982
88555,2460292.8483552486,0.0001309587510461
88557,2460292.944289489,0.0001386829995327
88558,2460293.0402354673,0.0001244226545867
88559,2460293.13564633,0.0001365262171773
88559,2460293.230983224,0.0001405350223457
88560,2460293.326668189,0.0001206267927932
88561,2460293.4221364004,0.0001023742796784
88563,2460293.5180599866,0.0001193056776186
88564,2460293.7092063543,0.0001376119056306
88564,2460293.613697831,0.0001133755995356
88566,2460293.804963253,0.0001075188358975
88567,2460293.9007754847,0.0001188635295916
88568,2460293.9962318125,0.0001350717106527
88569,2460294.0920046247,0.0001074726728898
88570,2460294.1876079575,0.0001328806809771
88571,2460294.283233501,0.0001027081878988
88572,2460294.378920105,0.0001269058846234
88573,2460294.4745130776,0.0001252083242487
88574,2460294.5702675306,0.0001327158401578
88574,2460294.665664475,0.0001081400528028
88576,2460294.7614514506,0.0001123342382825
88577,2460294.857345103,0.0001469549800902
88578,2460294.9527659966,0.0001241323921526
88579,2460295.048362853,0.0001072609656407
88580,2460295.144125088,8.761909857917068e-05
88581,2460295.2396663222,0.0001420268918241
88581,2460295.3352751927,0.0001280986343304
88583,2460295.4310973124,0.0001183085925018
88584,2460295.5266369134,0.0001141208030833
88585,2460295.622314231,0.0001360608094701
88586,2460295.718020109,0.0001151896514661
88586,2460295.8134594606,0.0001226165503068
88588,2460295.9093262986,0.0001066706855195
88589,2460296.004876218,0.0001164866086335
88589,2460296.1004384155,0.0001066960547623
88591,2460296.1962446254,0.0001383417878094
88592,2460296.291772021,0.0001167562111288
88593,2460296.38744502,0.0001051092055226
88594,2460296.483240021,0.0001498579603537
88594,2460296.5786368367,0.000106144410681
88596,2460296.6747063,0.0001271662982276
88597,2460296.7700771606,0.0001190301117719
88598,2460296.865843369,0.0001377973733512
88599,2460296.961349489,0.000109992881601
88599,2460297.056758358,9.87360375082845e-05
88601,2460297.152568712,0.0001304059049779
88602,2460297.2483283,0.0001160189707275
88603,2460297.3439516705,7.342883088614522e-05
88604,2460297.4395297864,0.000105404649957
88605,2460297.5352401463,0.0001139398414915
88606,2460297.726411713,0.0001309545661375
88606,2460297.6308756783,0.0001072047618074
88608,2460297.822330723,0.0001065727448173
88609,2460297.9177860846,0.0001197465232312
88609,2460298.0133789415,0.0001255249800238
88611,2460298.109083132,0.0001482646075012
88611,2460298.2046328704,0.0001159868372314
88613,2460298.30044449,0.0001036115766667
88614,2460298.3961082855,0.0001622562250369
88615,2460298.4916280406,0.0001109933259616
88616,2460298.5873192926,0.0001485604122266
88617,2460298.68293631,0.0001331668167127
88618,2460298.778758534,0.0001042693728428
88619,2460298.8744344977,0.0001027684627462
88622,2460299.161796188,0.0003040090142858
88623,2460299.25701854,0.0001545439834089
88623,2460299.3524183733,0.0001226263514352
88625,2460299.4482371216,0.0001347776176166
88625,2460299.5436631204,0.0001439256472747
88626,2460299.543957,4.05e-05
88626,2460299.638857328,0.0001893316586865
88627,2460299.7350189127,0.0002292425734817
88629,2460299.8308990845,0.0002289969621593
88630,2460299.9264952904,0.0002478268027096
88630,2460300.017896808,inf
88631,2460300.117247993,0.0003142970356647
88633,2460300.2140646446,inf
88634,2460300.4044848126,0.0002942936959851
88634,2460300.3090359257,0.000342367992307
88635,2460300.404586,1.97e-05
88636,2460300.50027,4.63e-05
88636,2460300.5955069377,0.0003290849856224
88637,2460300.690877819,inf
88639,2460300.7915918333,inf
88640,2460300.8832104984,0.0003480207211393
88641,2460300.988364628,inf
88641,2460301.07374138,inf
88643,2460301.1704749623,0.0003134071507559
88643,2460301.2649292415,0.0002511040033645
88645,2460301.3614928015,0.0001965407747887
88646,2460301.549671257,inf
88646,2460301.458788409,inf
88648,2460301.6479832083,0.0002639839849673
88649,2460301.747141619,inf
88650,2460301.8396436335,inf
88651,2460301.936639823,inf
88651,2460302.0233945036,inf
88653,2460302.2214347753,0.000418831820552
88655,2460302.3193813246,inf
88656,2460302.4131431016,0.0003053662323157
88656,2460302.508727259,0.0002529616854815
88658,2460302.6992622046,0.000390432284827
88658,2460302.604825177,0.0003293102258408
88660,2460302.79617401,0.000329235823324
88661,2460302.893061364,0.0007024487445776
88662,2460302.988262375,inf
88663,2460303.157449336,0.0006565670055291
88664,2460303.248429233,inf
88666,2460303.3698733016,inf
88666,2460303.4629632807,inf
88668,2460303.5612353417,0.0005055843024332
88669,2460303.6566885076,0.0003273915856747
88670,2460303.7522447663,0.0003267180561205
88696,2460306.2391530806,0.0001464118436608
88697,2460306.3347622263,0.0001281235321815
88697,2460306.430227777,0.0001417495405195
88699,2460306.5259992345,0.0001168224110213
88700,2460306.6216812185,0.0001465860554111
88701,2460306.717358744,0.0001368373637665
88701,2460306.8128533964,0.0001114883818514
88702,2460306.9082984026,0.0001245357905538
88704,2460307.0044205827,0.0001160541741431
88705,2460307.195468003,0.0001335179038808
88705,2460307.0999124716,0.0001135076814506
88707,2460307.291192196,0.000117657721039
88707,2460307.3866564617,0.0001458907093498
88709,2460307.482423776,0.0001299742892205
88710,2460307.5781494705,0.0001050120574029
88711,2460307.673811978,0.000117049397266
88712,2460307.7696111836,0.0001265326043449
88713,2460307.8650118974,0.0001452443871682
88714,2460307.960766281,0.0001009696599573
88715,2460308.0563425547,0.0001351658785926
88716,2460308.152062488,0.0001297331891595
88717,2460308.247593662,0.0001118808822194
88718,2460308.3435943094,0.0001118709034494
88719,2460308.4390236195,0.0001083635741304
88720,2460308.534577432,0.000102513228499
88721,2460308.725714948,0.000147875246062
88721,2460308.630433988,0.0001011541655889
88723,2460308.82162864,0.0001207272994295
88723,2460308.9168986706,0.0001711447733045
88725,2460309.012950851,0.0001471193139971
88726,2460309.108460964,0.0001281562554721
88727,2460309.204209107,8.823773054967206e-05
88727,2460309.29964788,0.0001241306203385
88729,2460309.395386845,0.0001380914242188
88730,2460309.4912900776,0.0001194092747439
88731,2460309.58684323,0.0001261255777351
88732,2460309.682556942,0.0001419136228408
88733,2460309.7780656638,0.0001421606279512
88734,2460309.8736447357,0.0001254525282933
88735,2460309.969283273,0.0001151673056446
88736,2460310.065149908,0.0001225886373222
88736,2460310.160493957,0.0001136941551814
88738,2460310.256438317,0.0001344233986412
88739,2460310.3520712904,9.34237610171495e-05
88740,2460310.447565716,9.896901427555695e-05
88740,2460310.5431054845,0.0001397234852695
88742,2460310.638801613,0.0001258280216713
88743,2460310.7346329316,0.0001262578673342
88743,2460310.829880964,0.0001032938860349
88745,2460310.9259166317,0.000104521590173
88746,2460311.021691708,0.0001243810787718
88746,2460311.116970039,9.600722546430976e-05
88748,2460311.212885644,0.0001355505106777
88749,2460311.3083706615,0.0001189129294757
88749,2460311.4038142897,9.734790787043904e-05
88751,2460311.4999061623,0.0001141096410606
88752,2460311.5952749564,0.0001294598244929
88753,2460311.690990974,0.0001212744912926
88754,2460311.7865568264,0.0001374536063791
88755,2460311.8822077755,0.0001166195634321
88755,2460311.977754687,0.000122915590692
88756,2460312.073340512,0.0001052461831357
88757,2460312.1690389784,0.0001275806212046
88757,2460312.16905674,0.0001025038568844
88759,2460312.26487206,0.0001118279314832
88759,2460312.264857983,0.0001593342521363
88760,2460312.36047569,0.0001134551962986
88760,2460312.3604733525,0.000112671455024
88760,2460312.456015346,0.0001481058268708
88761,2460312.5516543686,0.0001106312006963
88761,2460312.45610255,0.0001052006414396
88761,2460312.55161026,0.0001027438050272
88766,2460312.9344805465,0.0001123631232331
88767,2460313.030033008,0.0001070066621642
88768,2460313.1256347,0.0001377496197447
88768,2460313.220973381,0.0001055763270072
88770,2460313.3169953753,0.0001292777404683
88770,2460313.412422088,0.000116676635296
88772,2460313.508264596,0.0001414647913382
88814,2460317.525427832,0.0002123102154094
88815,2460317.62117284,0.00014070325469
88816,2460317.7167650894,0.0001754044135152
88817,2460317.812428139,0.0001480408620002
88818,2460317.907988873,0.0002083461084951
88819,2460318.0039392808,0.0001345499812992
88819,2460318.09902174,0.0002023399653735
88821,2460318.195122021,0.0001476852416564
88821,2460318.2902025166,0.00016182924628
88823,2460318.3862439054,0.000185978342168
88824,2460318.482053048,0.000128864746539
88825,2460318.5776886223,0.000113540730764
88825,2460318.672989032,0.0001170599586522
88826,2460318.768537332,0.0001335219549975
88828,2460318.8644802915,0.0001326785452113
88829,2460318.9600815666,0.0001396077874139
88830,2460319.0558148776,0.0001318171296069
88831,2460319.151318142,0.0001156626992002
88835,2460319.534051873,0.0001421025840623
88836,2460319.6295924694,0.0001433814411212
88837,2460319.725211526,0.0001571339162381
88838,2460319.820956483,0.0001284195651391
88839,2460319.916637298,0.0001152975645044
88840,2460320.0122539173,0.0001221037490258
88841,2460320.1078297542,0.0001329863986948
88842,2460320.2035473003,0.0001369639410963
88843,2460320.299301811,0.0001707466575989
88844,2460320.395023253,0.0001203369904734
88844,2460320.4902976067,0.0001384347225427
88845,2460320.5858724103,0.0001424653757518
88846,2460320.681654151,8.796498248609807e-05
88847,2460320.7772911927,0.0001061743742709
88849,2460320.8730438324,0.0001157186207091
88850,2460320.9688472087,0.0001426778886087
88851,2460321.064253252,0.0001481454240657
88852,2460321.1600162373,0.0001188136739746
88853,2460321.2556559695,0.0001166960891595
88854,2460321.3513544374,0.0001124702174809
88854,2460321.446734504,0.000161423335894
88856,2460321.542610287,0.0001269738925809
88857,2460321.6382598504,0.0001285008360823
88858,2460321.7338749487,0.0001789070715733
88859,2460321.8296469036,0.0001467104562227
88860,2460321.925193928,0.0001520090557747
88861,2460322.0208429624,0.0001301151143458
88861,2460322.1162938946,0.0001361570290663
88863,2460322.212043768,0.0001250426264334
88864,2460322.3076829277,0.000120320812642
88865,2460322.4035400134,0.0001367004649877
88866,2460322.4990155394,0.0001020185421805
88867,2460322.594631592,0.0001298682387846
88868,2460322.785724437,0.0001393294393749
88868,2460322.690472766,0.0001020916000675
88870,2460322.881767706,0.0001689837335344
88870,2460322.977175517,0.0001411301668953
88872,2460323.0728827766,0.0001332874231849
88873,2460323.168517216,0.0001227226336187
88874,2460323.2641977877,0.0001187944090424
88875,2460323.4553924245,0.0001112591521567
88875,2460323.359878124,0.000137870400458
88877,2460323.5511095845,0.0001228567467735
88878,2460323.646882649,0.0001233156100482
88879,2460323.7424930846,0.0001223919598348
88880,2460323.8380066063,0.0001293295581355
88880,2460323.9336493937,0.0001415623842311
88882,2460324.029378891,9.62602531037615e-05
88883,2460324.125011599,0.0001218906445546
88884,2460324.2206587894,0.0001363737497889
88885,2460324.316309,5.44e-05
88885,2460324.3162890766,0.0001044013190277
88886,2460324.4120748406,9.711021413982334e-05
88886,2460324.5074196807,0.0001287584559671
88888,2460324.6034443285,0.0001338398950517
88889,2460324.6989639048,0.0001285194974132
88890,2460324.7946032137,0.0001514983294192
88891,2460324.8903539414,0.0001106632030388
88892,2460324.985770753,0.0001383702642612
88893,2460325.1768894605,0.0001372379651408
88893,2460325.0815145406,0.000109994868725
88895,2460325.2728778967,0.0001254997035318
88896,2460325.368315,7.5e-05
88896,2460325.368401808,0.0001380504580648
88897,2460325.4640818923,0.0001311472207217
88898,2460325.5597044397,0.0001351521068551
88899,2460325.7509263256,0.0001110437228495
88899,2460325.6553448574,9.654573974202052e-05
88903,2460326.1333797155,0.0001121086428619
88904,2460326.22910642,0.0001090488471876
88906,2460326.3248986523,0.0001241081553304
88907,2460326.420553481,0.0001207613782459
88907,2460326.516088898,9.193105726171684e-05
88908,2460326.611748193,0.0001261954792504
88910,2460326.7074422664,0.0001049931042022
88911,2460326.8033384685,0.0001114235636357
88912,2460326.898873705,0.0001207011615909
88913,2460326.994377708,0.0001521887034461
88914,2460327.09012986,0.0001338875061983
88915,2460327.1857565898,0.0001584375370622
88916,2460327.2813086705,0.0001388524786508
88917,2460327.37756445,0.0001660025863918
88928,2460328.429138,3.92e-05
88980,2460333.4982973007,0.0001352079174492
88981,2460333.5938275233,0.0001578715365724
88982,2460333.6894960534,0.0001762822306856
88984,2460333.7855489585,0.0001364195291156
88985,2460333.8811075212,0.0001598951471637
88987,2460334.0722291456,0.0001517421680413
88988,2460334.168101563,0.0001461807056814
88989,2460334.263701736,0.000124466187808
88989,2460334.3591071046,0.0001564699115744
88991,2460334.45495002,0.0001472487939098
88992,2460334.550439778,0.0001439888587508
88992,2460334.645984228,9.985053002541112e-05
88994,2460334.741795304,0.0001101362536394
88995,2460334.8373994064,0.0001500644447223
88996,2460334.9330272316,0.0001340168147007
88997,2460335.028767157,0.0001691118484291
88997,2460335.124127612,0.000151056446453
88999,2460335.220148821,0.0001382275134578
89000,2460335.3157169297,0.0001561190121803
89001,2460335.4112711702,0.000122541000807
89002,2460335.5070747314,0.0001311888169303
89003,2460335.602701875,0.0001334622954387
89004,2460335.698491008,0.0001464451743795
89005,2460335.7938715895,0.000157929193145
89006,2460335.8895814465,0.0001142118538149
89007,2460335.985418195,0.0001254324408823
89008,2460336.080851576,0.0001502182986959
89008,2460336.176355559,0.0001279015283696
89010,2460336.27210368,0.000135366640202
89010,2460336.3676659446,0.000118518046103
89012,2460336.463424899,0.0001425977778702
89013,2460336.5592543636,0.0001494488280086
89014,2460336.6547490577,0.0001228347706988
89015,2460336.750437578,0.000139055662876
89015,2460336.845757256,0.0001489452887166
89017,2460336.9419227224,0.0001613443942803
89017,2460337.037220332,0.0001293373438104
89018,2460337.1327088466,0.0001440847234049
89020,2460337.2285551294,0.0001636225315366
89021,2460337.3244381216,0.0001386270506442
89022,2460337.419893195,0.0001395061618903
89022,2460337.515457968,0.0001406918380295
89024,2460337.611196673,8.651045522587364e-05
89024,2460337.7066188585,0.0001488002516369
89026,2460337.802516656,0.000110792915944
89026,2460337.8979585404,0.0001071607371148
89027,2460337.9936256367,0.0001352561340991
89029,2460338.0895105912,0.0001364750278382
89029,2460338.1848467323,0.0001450630280849
89031,2460338.3762539094,0.000155313268843
89031,2460338.280729929,0.0001116436742726
89033,2460338.472280559,8.681878996060987e-05
89033,2460338.567462469,9.71328502178543e-05
89034,2460338.663173686,0.0001084457247356
89036,2460338.7589547834,0.0001145234529723
89036,2460338.8545240127,0.0001566056658949
89037,2460338.9500899888,0.0001660827227377
89039,2460339.0460836375,0.000160226180952
89040,2460339.141572362,0.000132774883099
89041,2460339.2374626556,0.0001469419146479
89042,2460339.3328358247,0.0001258204772103
89043,2460339.4285195074,0.0001340586830202
89043,2460339.42851031,0.0001321444049
89084,2460343.350071,3.94e-05
89252,2460359.418595,4.63e-05
89253,2460359.514257,3.59e-05
89722,2460404.372588,3.01e-05
89869,2460418.432702,4.2e-05
89931,2460424.362793,3.13e-05
90099,2460440.43147,0.0001103
90580,2460486.437558,3.68e-05
91061,2460532.443518,3.24e-05
91062,2460532.539166,3.24e-05
91218,2460547.460151,5.09e-05
91219,2460547.55567,6.25e-05
91260,2460551.477245,4.63e-05
91261,2460551.572928,4.86e-05
91335,2460558.650755,4.28e-05
91386,2460563.528754,5.21e-05
91438,2460568.502438,4.98e-05
91439,2460568.598018,6.71e-05
91607,2460584.666677,3.47e-05
91815,2460604.5612,4.4e-05
91816,2460604.656902,5.79e-05
91982,2460620.534087,5.44e-05
91992,2460621.490572,0.00011
92006,2460622.829684,2.89e-05
92045,2460626.559921,3.72e-05
92129,2460634.59427,5.21e-05
92284,2460649.419527,1.97e-05
92285,2460649.515161,1.62e-05
92399,2460660.418885,5.79e-05
92471,2460667.305371,5.9e-05
92472,2460667.401067,3.36e-05
92473,2460667.496761,2.78e-05
92474,2460667.592384,3.13e-05
92475,2460667.68801,5.09e-05
92482,2460668.357523,2.89e-05
92483,2460668.453262,5.32e-05
92484,2460668.548868,3.13e-05
92485,2460668.644487,3.13e-05
92486,2460668.740104,1.39e-05
92502,2460670.270484,4.63e-05
92503,2460670.366131,3.47e-05
92504,2460670.461756,2.31e-05
92506,2460670.653046,2.43e-05
92670,2460686.339142,5.67e-05
92671,2460686.434653,5.67e-05
92672,2460686.530545,0.0001134
92673,2460686.626074,3.94e-05
92797,2460698.486289,4.13e-05
92879,2460706.329336,3.36e-05
92880,2460706.42494,4.17e-05
92901,2460708.433584,2.08e-05
92933,2460711.494193,3.01e-05
92934,2460711.58986,2.08e-05
92935,2460711.685558,3.24e-05
93036,2460721.345835,4.51e-05
93119,2460729.284486,3.82e-05
93120,2460729.380105,1.97e-05
93121,2460729.47585,3.03e-05
93163,2460733.493009,3.24e-05
93165,2460733.684231,3.13e-05
93214,2460738.370942,2.43e-05
93215,2460738.466611,4.17e-05
93216,2460738.562213,3.82e-05
93217,2460738.65788,3.94e-05
93362,2460752.526594,2.66e-05
93371,2460753.387526,2.55e-05
93434,2460759.413233,2.66e-05
93435,2460759.508909,2.55e-05
93528,2460768.403931,6.6e-05
93529,2460768.499673,5.44e-05
93530,2460768.595382,6.02e-05
93580,2460773.377709,6.93e-05
93779,2460792.411352,2.89e-05
93968,2460810.488566,7.2e-05
94166,2460829.426634,5.41e-05
94250,2460837.460921,8.33e-05
